<?xml version="1.0" encoding="UTF-8" ?>
<!DOCTYPE sqlMap PUBLIC "-//ibatis.apache.org//DTD SQL Map 2.0//EN" "http://ibatis.apache.org/dtd/sql-map-2.dtd" >
<sqlMap namespace="B_WRN_DUE_INFO" >
  <resultMap id="BaseResultMap" class="com.huateng.scf.bas.warn.dao.model.BWrnDueInfo" >
    <result column="ID" property="id" jdbcType="VARCHAR" />
    <result column="WARN_ID" property="warnId" jdbcType="VARCHAR" />
    <result column="BUSINESSNO_TYPE" property="businessnoType" jdbcType="CHAR" />
    <result column="BUSINESSNO" property="businessno" jdbcType="VARCHAR" />
  </resultMap>
  <sql id="Example_Where_Clause" >
    <iterate property="oredCriteria" conjunction="or" prepend="where" removeFirstPrepend="iterate" >
      <isEqual property="oredCriteria[].valid" compareValue="true" >
        (
        <iterate prepend="and" property="oredCriteria[].criteriaWithoutValue" conjunction="and" >
          $oredCriteria[].criteriaWithoutValue[]$
        </iterate>
        <iterate prepend="and" property="oredCriteria[].criteriaWithSingleValue" conjunction="and" >
          $oredCriteria[].criteriaWithSingleValue[].condition$ #oredCriteria[].criteriaWithSingleValue[].value#
        </iterate>
        <iterate prepend="and" property="oredCriteria[].criteriaWithListValue" conjunction="and" >
          $oredCriteria[].criteriaWithListValue[].condition$
          <iterate property="oredCriteria[].criteriaWithListValue[].values" open="(" close=")" conjunction="," >
            #oredCriteria[].criteriaWithListValue[].values[]#
          </iterate>
        </iterate>
        <iterate prepend="and" property="oredCriteria[].criteriaWithBetweenValue" conjunction="and" >
          $oredCriteria[].criteriaWithBetweenValue[].condition$
          #oredCriteria[].criteriaWithBetweenValue[].values[0]# and
          #oredCriteria[].criteriaWithBetweenValue[].values[1]#
        </iterate>
        )
      </isEqual>
    </iterate>
  </sql>
  <sql id="Base_Column_List" >
    ID, WARN_ID, BUSINESSNO_TYPE, BUSINESSNO
  </sql>
  <select id="selectByExample" resultMap="BaseResultMap" parameterClass="com.huateng.scf.bas.warn.dao.model.BWrnDueInfoExample" >
    select
    <isParameterPresent >
      <isEqual property="distinct" compareValue="true" >
        distinct
      </isEqual>
    </isParameterPresent>
    <include refid="B_WRN_DUE_INFO.Base_Column_List" />
    from B_WRN_DUE_INFO
    <isParameterPresent >
      <include refid="B_WRN_DUE_INFO.Example_Where_Clause" />
      <isNotNull property="orderByClause" >
        order by $orderByClause$
      </isNotNull>
    </isParameterPresent>
  </select>
  <select id="selectByPrimaryKey" resultMap="BaseResultMap" parameterClass="com.huateng.scf.bas.warn.dao.model.BWrnDueInfo" >
    select 
    <include refid="B_WRN_DUE_INFO.Base_Column_List" />
    from B_WRN_DUE_INFO
    where ID = #id:VARCHAR#
  </select>
  <delete id="deleteByPrimaryKey" parameterClass="com.huateng.scf.bas.warn.dao.model.BWrnDueInfo" >
    delete from B_WRN_DUE_INFO
    where ID = #id:VARCHAR#
  </delete>
  <delete id="deleteByExample" parameterClass="com.huateng.scf.bas.warn.dao.model.BWrnDueInfoExample" >
    delete from B_WRN_DUE_INFO
    <include refid="B_WRN_DUE_INFO.Example_Where_Clause" />
  </delete>
  <insert id="insert" parameterClass="com.huateng.scf.bas.warn.dao.model.BWrnDueInfo" >
    insert into B_WRN_DUE_INFO (ID, WARN_ID, BUSINESSNO_TYPE, BUSINESSNO
      )
    values (#id:VARCHAR#, #warnId:VARCHAR#, #businessnoType:CHAR#, #businessno:VARCHAR#
      )
  </insert>
  <insert id="insertSelective" parameterClass="com.huateng.scf.bas.warn.dao.model.BWrnDueInfo" >
    insert into B_WRN_DUE_INFO
    <dynamic prepend="(" >
      <isNotNull prepend="," property="id" >
        ID
      </isNotNull>
      <isNotNull prepend="," property="warnId" >
        WARN_ID
      </isNotNull>
      <isNotNull prepend="," property="businessnoType" >
        BUSINESSNO_TYPE
      </isNotNull>
      <isNotNull prepend="," property="businessno" >
        BUSINESSNO
      </isNotNull>
      )
    </dynamic>
    values
    <dynamic prepend="(" >
      <isNotNull prepend="," property="id" >
        #id:VARCHAR#
      </isNotNull>
      <isNotNull prepend="," property="warnId" >
        #warnId:VARCHAR#
      </isNotNull>
      <isNotNull prepend="," property="businessnoType" >
        #businessnoType:CHAR#
      </isNotNull>
      <isNotNull prepend="," property="businessno" >
        #businessno:VARCHAR#
      </isNotNull>
      )
    </dynamic>
  </insert>
  <select id="countByExample" parameterClass="com.huateng.scf.bas.warn.dao.model.BWrnDueInfoExample" resultClass="java.lang.Integer" >
    select count(*) from B_WRN_DUE_INFO
    <include refid="B_WRN_DUE_INFO.Example_Where_Clause" />
  </select>
  <update id="updateByExampleSelective" >
    update B_WRN_DUE_INFO
    <dynamic prepend="set" >
      <isNotNull prepend="," property="record.id" >
        ID = #record.id:VARCHAR#
      </isNotNull>
      <isNotNull prepend="," property="record.warnId" >
        WARN_ID = #record.warnId:VARCHAR#
      </isNotNull>
      <isNotNull prepend="," property="record.businessnoType" >
        BUSINESSNO_TYPE = #record.businessnoType:CHAR#
      </isNotNull>
      <isNotNull prepend="," property="record.businessno" >
        BUSINESSNO = #record.businessno:VARCHAR#
      </isNotNull>
    </dynamic>
    <isParameterPresent >
      <include refid="B_WRN_DUE_INFO.Example_Where_Clause" />
    </isParameterPresent>
  </update>
  <update id="updateByExample" >
    update B_WRN_DUE_INFO
    set ID = #record.id:VARCHAR#,
      WARN_ID = #record.warnId:VARCHAR#,
      BUSINESSNO_TYPE = #record.businessnoType:CHAR#,
      BUSINESSNO = #record.businessno:VARCHAR#
    <isParameterPresent >
      <include refid="B_WRN_DUE_INFO.Example_Where_Clause" />
    </isParameterPresent>
  </update>
  <update id="updateByPrimaryKeySelective" parameterClass="com.huateng.scf.bas.warn.dao.model.BWrnDueInfo" >
    update B_WRN_DUE_INFO
    <dynamic prepend="set" >
      <isNotNull prepend="," property="warnId" >
        WARN_ID = #warnId:VARCHAR#
      </isNotNull>
      <isNotNull prepend="," property="businessnoType" >
        BUSINESSNO_TYPE = #businessnoType:CHAR#
      </isNotNull>
      <isNotNull prepend="," property="businessno" >
        BUSINESSNO = #businessno:VARCHAR#
      </isNotNull>
    </dynamic>
    where ID = #id:VARCHAR#
  </update>
  <update id="updateByPrimaryKey" parameterClass="com.huateng.scf.bas.warn.dao.model.BWrnDueInfo" >
    update B_WRN_DUE_INFO
    set WARN_ID = #warnId:VARCHAR#,
      BUSINESSNO_TYPE = #businessnoType:CHAR#,
      BUSINESSNO = #businessno:VARCHAR#
    where ID = #id:VARCHAR#
  </update>
</sqlMap>